WELLID,API,FRACSTART,FRACEND,OPERATORNAME,TVD,TOTALBASEWATERVOLUME,TOTALBASENONWATERVOLUME,TOTALFRACMASS,TOTALBASEWATERVOLUMEMASS,TOTALPROPPANTMASS,FLUIDSYSTEM,PROPPANTMATERIAL,CROSSLINKFLUID,SURFACTANTPRESENT,SCALEINHIBITORPRESENT,CLAYCONTROLPRESENT,CLAYCONTROLAGENT,ACIDTREATMENTPRESENT
"e919646b-7a9d-4dd6-9c91-deef4ea626bb","35009212120000","3/15/2016 5:23:13 AM","3/15/2016 12:35:38 PM","EnerVest, Ltd.","13970","367487","0","3309736","3061157","207729","Linear","Natural Sand","","","","","","True"
"cc4bae28-f260-45d5-a475-02abb8f2c219","35149209740000","3/3/2011 12:00:00 AM","3/3/2011 12:00:00 AM","Apache Corporation","","","","","","","Crosslink","Natural Sand","Borate Based","True","","","",""
"1cbc75d0-7b1c-4ff6-b7a7-95e00c6e68e6","35147269640000","1/23/2014 12:00:00 AM","1/23/2014 12:00:00 AM","CEP MID-CONTINENT LLC","1500","43680","0","418411.3","364509.6","50000","","Natural Sand","","","","True","Methanol","True"
"f2521b4e-cf4a-4fa3-a9b7-a899e248d747","35103237100000","7/30/2014 12:00:00 AM","7/30/2014 12:00:00 AM","Chaparral Energy, LLC","0","19517","0","","162576.6","","Slickwater","","","","","","","True"
"1a5a6ffd-8740-4232-b36f-18f17e4fa0d1","35015225500000","4/16/2014 12:00:00 AM","4/16/2014 12:00:00 AM","Western Oil and Gas Development Corp.","9596","43806","21254.33","","364904","127779.2","Crosslink","Natural Sand","Zirconium Based","True","","True","Non-hazardous ingredients (non-MSDS level ingredients are disclosed as dissociated components)",""
"f4f60bf3-ac43-4d26-9353-5797187480bb","35147269700000","3/14/2014 12:00:00 AM","3/14/2014 12:00:00 AM","CEP MID-CONTINENT LLC","1522","11424","0","103883.9","95333.28","3150","","Natural Sand","","","","","","True"
"c6300e44-ed27-4c68-8829-c0052ced3ed9","35077212010000","7/5/2012 12:00:00 AM","7/5/2012 12:00:00 AM","BP America Production Company","","","","","","","Crosslink","Natural Sand","","","","True","Quaternary Salt",""
"44c54583-2b38-41e9-84d0-def97b650003","35081039100000","7/24/2014 12:00:00 AM","7/24/2014 12:00:00 AM","Spess Oil Company","5371","16800","","161819.9","139944","0","Crosslink","Natural Sand","Borate Based","","","True","ammonium compounds",""
"cc4bae28-f260-45d5-a475-02abb8f2c219","35149209740000","2/28/2012 12:00:00 AM","2/28/2012 12:00:00 AM","Apache Corporation","","","","","","","Slickwater","Natural Sand","","True","","","","True"
"aa5a97ea-8eee-4bbb-a8cf-12833b3bc05c","35123233800000","9/19/2013 12:00:00 AM","9/19/2013 12:00:00 AM","Citation Oil and Gas Corp.","4265","53037","127365","","441798.2","0","Linear","Natural Sand","","","","","","True"
"8d43514b-32b0-4788-a552-881e7ff7fd65","35087216740000","7/29/2013 12:00:00 AM","7/29/2013 12:00:00 AM","Lance Ruffel Oil and Gas","12220","378161","","","3150081","","Slickwater","","","True","","","Alcohol alkoxylate",""
"1ac56da3-a1c2-4025-87a5-4b8edef74cb9","35051228950000","2/12/2014 12:00:00 AM","2/12/2014 12:00:00 AM","Mack Energy Co.","11250","38526","0","","320921.6","0","Crosslink","Natural Sand","Borate Based","","","True","WATER","True"
"a75e16af-94b9-4263-97dd-b46dae6afaa1","35107230950000","5/12/2015 12:00:00 AM","5/12/2015 12:00:00 AM","Kelly Cook Oil LLC","3389","10080","0","97477.9","83966.4","10000","Linear","Natural Sand","","","","True","WATER",""
"361a580d-064d-429a-999b-417232e0f351","35009211780000","10/9/2013 12:00:00 AM","10/9/2013 12:00:00 AM","SM Energy","12610","233250","0","2108703","1956961","121663","Linear","Natural Sand","","True","","","Poly(oxy-1,2-ethanediyl), .alpha.-isodecyl-.omega.-hydroxy-","True"
"a107d489-23fd-49ba-9125-b4622c5d80ed","35009211990000","3/18/2013 12:00:00 AM","3/20/2013 12:00:00 AM","BP America Production Company","15280","891643","484403","","7427386","480739","Slickwater","Natural Sand","","","","True","Quaternary Salt",""
"90622add-cce8-4174-9eff-ecdf7f41a271","35077212970000","10/15/2013 12:00:00 AM","10/15/2013 12:00:00 AM","Ward Petroleum","4805","130158","0","","1084216","181089.2","Linear","Natural Sand","","True","","True","Non-hazardous ingredients (non-MSDS level ingredients are disclosed as dissociated components)",""
"400bbf2a-67e9-4a27-a41e-f29780672762","35043227050000","4/7/2014 12:00:00 AM","4/11/2014 12:00:00 AM","Chesapeake Operating, Inc.","13230","80640","5744","769558.2","671731.2","0","Linear","Natural Sand","","True","","","Proprietary Ethylene/propylene oxide polymer",""
"0c3cbe4b-4ac5-4f76-917d-b33ed43fc266","35059221950000","3/7/2012 12:00:00 AM","3/7/2012 12:00:00 AM","Strat Land Exploration Co","6300","25914","","","215863.6","","Linear","Natural Sand","","True","","","","True"
"a75e16af-94b9-4263-97dd-b46dae6afaa1","35107230950000","5/19/2015 12:00:00 AM","5/19/2015 12:00:00 AM","Kelly Cook Oil LLC","3389","8736","0","86282.38","72770.88","10000","Linear","Natural Sand","","","","True","WATER",""
"66b85236-19e2-4f73-a64f-e0cfe699a055","35085210230000","3/19/2014 12:00:00 AM","3/19/2014 12:00:00 AM","L.E. Jones Operating, Inc.","7378","50275","0","","418790.8","0","Linear","Natural Sand","","","","","",""
"05bc6274-2206-4ee7-8a8b-5e66871163e2","35133243180000","3/31/2015 12:00:00 AM","4/1/2015 12:00:00 AM","Lance Ruffel Oil and Gas","5029","10500","0","","87465","0","Crosslink","Natural Sand","","True","","True","alkyl dimethyl benzl ammonium chloride",""
"aea582bb-7399-4183-9274-8373ac1fb2c8","35007245640000","8/11/2011 12:00:00 AM","8/11/2011 12:00:00 AM","Apache Corporation","","","","","","","Crosslink","Natural Sand","Borate Based","","","True","Oxyakylated Amine Quat",""
"a959c07d-8a23-40d4-890a-c0bd9f042708","35123233780000","10/3/2013 12:00:00 AM","10/3/2013 12:00:00 AM","Citation Oil and Gas Corp.","4328","56341","127457","","469320.5","0","Linear","Natural Sand","","","","","","True"
"5133e175-ef65-49b8-966d-668e900a94a2","35105295690000","8/20/2014 12:00:00 AM","8/20/2014 12:00:00 AM","CBM Gas Company LLC","1149","15162","0","138391.2","126526.9","11000","","Natural Sand","","","","","",""
"5b9967a6-07c4-489a-a2f0-e8392aae8a60","35017236020000","2/6/2012 12:00:00 AM","2/6/2012 12:00:00 AM","Linn Energy, LLC","6853","38220","","","318372.6","0","Crosslink","Natural Sand","Borate Based","True","","True","Choline Chloride",""
